{
  "event": "GW150914",
  "detector": "H1",
  "params_edr_full": {
    "A22": 0.1191400753761669,
    "A33": 0.011928217115568206,
    "A21": 0.011929021928935368,
    "d_om22": 0.44040288027650315,
    "d_tau22": -0.44042014332863444,
    "d_om33": 0.2883978225258376,
    "d_tau33": -0.0016018460593642272,
    "d_om21": -0.2576363212655414,
    "d_tau21": -0.14612074556640345,
    "phi22": -0.5719904276649755,
    "phi33": 0.09356922474917685,
    "phi21": -0.1368293434293465,
    "t0": 0.00472645133068677
  },
  "params_edr_field": {
    "spiral_intensity": 1.4404028802765032,
    "radial_scale": 1.1960475783181341,
    "effective_viscosity": 0.19604757831813405,
    "multipole_anisotropy": 0.08983528340635809,
    "mode_coupling": 0.2002452908408688
  }
}