{
  "event": "GW150914",
  "detector": "L1",
  "edr_full_params": {
    "A22": 2.4693435191858738e-05,
    "A33": 0.30708030760479005,
    "A21": 0.0,
    "d_om22": -0.5,
    "d_tau22": -0.5,
    "d_om33": 0.4999855798821207,
    "d_tau33": -0.0016032982190234493,
    "d_om21": -0.328062615206277,
    "d_tau21": -0.18083607595735937,
    "phi22": -0.7917619228274976,
    "phi33": 0.17003214104555203,
    "phi21": -0.171234097049385,
    "t0": 0.006529331779752733
  },
  "gr_vs_edr": {
    "logL_GR": -16615.976290106148,
    "logL_EDR": -16615.985063606255,
    "AIC_GR": 33241.952580212295,
    "AIC_EDR": 33241.97012721251,
    "BIC_GR": 33283.93861875429,
    "BIC_EDR": 33283.956165754505,
    "\u0394BIC": -0.017547000214108266,
    "BayesFactor": 0.9912648747357767,
    "favored": "GR preferido"
  }
}