{
  "event": "GW151226",
  "detector": "L1",
  "edr_full_params": {
    "A22": 0.41075640490045867,
    "A33": 0.04104843179886937,
    "A21": 0.0411136482235111,
    "d_om22": -0.14730407667536383,
    "d_tau22": -0.2946427029577369,
    "d_om33": 0.10397980431483535,
    "d_tau33": -0.0006431523365663748,
    "d_om21": -0.051883179544637566,
    "d_tau21": -0.03387236642905971,
    "phi22": -0.15371859552063735,
    "phi33": 0.0328011330581746,
    "phi21": -0.03666049469638481,
    "t0": 0.0012817235686862383
  },
  "gr_vs_edr": {
    "logL_GR": -16421.208079165484,
    "logL_EDR": -16421.21172534244,
    "AIC_GR": 32852.41615833097,
    "AIC_EDR": 32852.42345068488,
    "BIC_GR": 32894.402196872965,
    "BIC_EDR": 32894.40948922688,
    "\u0394BIC": -0.007292353911907412,
    "BayesFactor": 0.9963604622755212,
    "favored": "GR preferido"
  }
}