{
  "event": "GW151226",
  "detector": "H1",
  "edr_full_params": {
    "A22": 0.190552128391753,
    "A33": 0.01905619748682593,
    "A21": 0.0190610662912478,
    "d_om22": 0.40472480371760944,
    "d_tau22": -0.4047255326556706,
    "d_om33": 0.08127551884732698,
    "d_tau33": 0.002650277017750011,
    "d_om21": -0.06772959437000137,
    "d_tau21": -0.044760390999206506,
    "phi22": -0.02885849699325496,
    "phi33": 0.030331165977853746,
    "phi21": -0.03857637765339296,
    "t0": 0.0011424809132624242
  },
  "gr_vs_edr": {
    "logL_GR": -16628.94580613475,
    "logL_EDR": -16628.94577954732,
    "AIC_GR": 33267.8916122695,
    "AIC_EDR": 33267.89155909464,
    "BIC_GR": 33309.8776508115,
    "BIC_EDR": 33309.87759763664,
    "\u0394BIC": 5.317485920386389e-05,
    "BayesFactor": 1.0000265877830508,
    "favored": "EDR preferido"
  }
}