{
  "event": "GW150914",
  "detector": "H1",
  "edr_full_params": {
    "A22": 0.1191400753761669,
    "A33": 0.011928217115568206,
    "A21": 0.011929021928935368,
    "d_om22": 0.44040288027650315,
    "d_tau22": -0.44042014332863444,
    "d_om33": 0.2883978225258376,
    "d_tau33": -0.0016018460593642272,
    "d_om21": -0.2576363212655414,
    "d_tau21": -0.14612074556640345,
    "phi22": -0.5719904276649755,
    "phi33": 0.09356922474917685,
    "phi21": -0.1368293434293465,
    "t0": 0.00472645133068677
  },
  "gr_vs_edr": {
    "logL_GR": -16646.97777968124,
    "logL_EDR": -16646.983805194304,
    "AIC_GR": 33303.95555936248,
    "AIC_EDR": 33303.96761038861,
    "BIC_GR": 33345.94159790448,
    "BIC_EDR": 33345.953648930605,
    "\u0394BIC": -0.012051026125845965,
    "BayesFactor": 0.9939926039345803,
    "favored": "GR preferido"
  }
}