{
  "event": "GW170814",
  "detector": "H1",
  "edr_full_params": {
    "A22": 0.0,
    "A33": 0.018884287689036987,
    "A21": 0.0,
    "d_om22": 0.42845198073771634,
    "d_tau22": -0.5,
    "d_om33": 0.35283039498676927,
    "d_tau33": 0.0029557842942521304,
    "d_om21": -0.29948641277266563,
    "d_tau21": -0.12423858776909147,
    "phi22": -0.5931572514452187,
    "phi33": 0.0944055535809274,
    "phi21": -0.15156677586167122,
    "t0": 0.011743735386749913
  },
  "gr_vs_edr": {
    "logL_GR": -16764.071978693733,
    "logL_EDR": -16764.073061729687,
    "AIC_GR": 33538.14395738747,
    "AIC_EDR": 33538.14612345937,
    "BIC_GR": 33580.12999592946,
    "BIC_EDR": 33580.13216200137,
    "\u0394BIC": -0.002166071906685829,
    "BayesFactor": 0.998917550318425,
    "favored": "GR preferido"
  }
}