{
  "event": "GW170814",
  "detector": "L1",
  "edr_full_params": {
    "A22": 0.0,
    "A33": 0.042047358108775884,
    "A21": 0.0,
    "d_om22": -0.15096236349612235,
    "d_tau22": -0.5,
    "d_om33": 0.2808340036380959,
    "d_tau33": 0.012233433973225655,
    "d_om21": -0.3425308922235276,
    "d_tau21": -0.1279710569929173,
    "phi22": -0.6861849385841982,
    "phi33": 0.0800667768045697,
    "phi21": -0.1628339259449036,
    "t0": 0.0394131764018216
  },
  "gr_vs_edr": {
    "logL_GR": -16666.827184215,
    "logL_EDR": -16666.831013144743,
    "AIC_GR": 33343.65436843,
    "AIC_EDR": 33343.66202628949,
    "BIC_GR": 33385.640406971994,
    "BIC_EDR": 33385.64806483148,
    "\u0394BIC": -0.007657859488972463,
    "BayesFactor": 0.9961783912601564,
    "favored": "GR preferido"
  }
}