{
  "event": "GW170608",
  "detector": "L1",
  "edr_full_params": {
    "A22": 0.127896685139675,
    "A33": 0.012831089398208735,
    "A21": 0.012778821556872632,
    "d_om22": -0.0856570366110413,
    "d_tau22": -0.43604958416355494,
    "d_om33": 0.12913125440103146,
    "d_tau33": 0.0006354100611317505,
    "d_om21": -0.07677835606090487,
    "d_tau21": -0.03204390934652691,
    "phi22": -0.13071444272532473,
    "phi33": 0.03458211518883235,
    "phi21": -0.03680297742369844,
    "t0": 0.001879652401347967
  },
  "gr_vs_edr": {
    "logL_GR": -16689.48510570122,
    "logL_EDR": -16689.485270794223,
    "AIC_GR": 33388.97021140244,
    "AIC_EDR": 33388.970541588445,
    "BIC_GR": 33430.95624994444,
    "BIC_EDR": 33430.95658013044,
    "\u0394BIC": -0.0003301860051578842,
    "BayesFactor": 0.9998349206245208,
    "favored": "GR preferido"
  }
}