{
  "event": "GW170104",
  "detector": "L1",
  "edr_full_params": {
    "A22": 0.20525248596841392,
    "A33": 0.02050970475140419,
    "A21": 0.020522953362779373,
    "d_om22": -0.16017305448484315,
    "d_tau22": -0.3973813965374301,
    "d_om33": 0.39738057227258894,
    "d_tau33": -0.0034693030164264023,
    "d_om21": -0.1841755199093664,
    "d_tau21": -0.10177366851927959,
    "phi22": -0.4978845345997934,
    "phi33": 0.10668925655299867,
    "phi21": -0.09743715264723085,
    "t0": 0.0029296833237803166
  },
  "gr_vs_edr": {
    "logL_GR": -16232.437863670442,
    "logL_EDR": -16232.436158021115,
    "AIC_GR": 32474.875727340885,
    "AIC_EDR": 32474.87231604223,
    "BIC_GR": 32516.86176588288,
    "BIC_EDR": 32516.858354584227,
    "\u0394BIC": 0.003411298654100392,
    "BayesFactor": 1.00170710477424,
    "favored": "EDR preferido"
  }
}