{
  "event": "GW170608",
  "detector": "H1",
  "edr_full_params": {
    "A22": 0.7776659552943779,
    "A33": 0.07680023531655901,
    "A21": 0.07675100420556186,
    "d_om22": 0.11619400762796421,
    "d_tau22": -0.11621230284133709,
    "d_om33": -0.005665355289473027,
    "d_tau33": -0.006003264072659037,
    "d_om21": -0.01428904047535566,
    "d_tau21": -0.010570449724393324,
    "phi22": 0.04777532683782039,
    "phi33": 0.007356553629801882,
    "phi21": -0.0056642750808038045,
    "t0": 0.002040888837546139
  },
  "gr_vs_edr": {
    "logL_GR": -16203.56372260271,
    "logL_EDR": -16203.631357913036,
    "AIC_GR": 32417.12744520542,
    "AIC_EDR": 32417.262715826073,
    "BIC_GR": 32459.113483747416,
    "BIC_EDR": 32459.24875436807,
    "\u0394BIC": -0.13527062065259088,
    "BayesFactor": 0.9346012508596786,
    "favored": "GR preferido"
  }
}