{
  "event": "GW170729",
  "detector": "H1",
  "edr_full_params": {
    "A22": 0.0009478090803698833,
    "A33": 0.0,
    "A21": 0.0,
    "d_om22": 0.45994853035357464,
    "d_tau22": -0.5,
    "d_om33": 0.5,
    "d_tau33": 0.017515832330762295,
    "d_om21": -0.5,
    "d_tau21": -0.15039847391539127,
    "phi22": -0.7025066863985883,
    "phi33": 0.16068329341750837,
    "phi21": -0.23797804903158434,
    "t0": 0.0012577175842196768
  },
  "gr_vs_edr": {
    "logL_GR": -16919.765141946653,
    "logL_EDR": -16919.768935081003,
    "AIC_GR": 33849.530283893306,
    "AIC_EDR": 33849.53787016201,
    "BIC_GR": 33891.5163224353,
    "BIC_EDR": 33891.523908704,
    "\u0394BIC": -0.007586268700833898,
    "BayesFactor": 0.9962140504964493,
    "favored": "GR preferido"
  }
}