{
  "event": "GW170823",
  "detector": "L1",
  "edr_full_params": {
    "A22": 0.0,
    "A33": 0.0,
    "A21": 0.03370546880141317,
    "d_om22": -0.03411970466354738,
    "d_tau22": -0.5,
    "d_om33": 0.4232012604300492,
    "d_tau33": -0.014963477171681163,
    "d_om21": -0.3272913020856833,
    "d_tau21": -0.1369791754533504,
    "phi22": -0.7370838632528182,
    "phi33": 0.12508011393043422,
    "phi21": -0.16076885127542484,
    "t0": 0.02508544656432604
  },
  "gr_vs_edr": {
    "logL_GR": -16412.547214476643,
    "logL_EDR": -16412.545970700477,
    "AIC_GR": 32835.094428953285,
    "AIC_EDR": 32835.091941400955,
    "BIC_GR": 32877.08046749528,
    "BIC_EDR": 32877.07797994295,
    "\u0394BIC": 0.0024875523304217495,
    "BayesFactor": 1.0012445499755678,
    "favored": "EDR preferido"
  }
}