{
  "event": "GW170823",
  "detector": "H1",
  "edr_full_params": {
    "A22": 0.0,
    "A33": 0.0,
    "A21": 0.0,
    "d_om22": -0.5,
    "d_tau22": -0.5,
    "d_om33": 0.3386552335740837,
    "d_tau33": 0.007299927589093403,
    "d_om21": -0.31492189809848226,
    "d_tau21": -0.12811633649840343,
    "phi22": -0.7419771567924823,
    "phi33": 0.09926850118126518,
    "phi21": -0.15472900819499946,
    "t0": 0.0
  },
  "gr_vs_edr": {
    "logL_GR": -16231.162925476503,
    "logL_EDR": -16231.167380311505,
    "AIC_GR": 32472.325850953006,
    "AIC_EDR": 32472.33476062301,
    "BIC_GR": 32514.311889495002,
    "BIC_EDR": 32514.320799165005,
    "\u0394BIC": -0.008909670003049541,
    "BayesFactor": 0.9955550730575375,
    "favored": "GR preferido"
  }
}