{
  "event": "GW170729",
  "detector": "L1",
  "edr_full_params": {
    "A22": 0.0,
    "A33": 0.0,
    "A21": 0.0,
    "d_om22": 0.30853273720667146,
    "d_tau22": -0.5,
    "d_om33": 0.43596863893909643,
    "d_tau33": 0.020575613380786752,
    "d_om21": -0.5,
    "d_tau21": -0.1486849883185908,
    "phi22": -0.8729301503156726,
    "phi33": 0.1333349930999902,
    "phi21": -0.25652738169446265,
    "t0": 0.0
  },
  "gr_vs_edr": {
    "logL_GR": -16540.207267503123,
    "logL_EDR": -16540.209852900054,
    "AIC_GR": 33090.414535006246,
    "AIC_EDR": 33090.41970580011,
    "BIC_GR": 33132.40057354824,
    "BIC_EDR": 33132.405744342104,
    "\u0394BIC": -0.005170793861907441,
    "BayesFactor": 0.9974179423293006,
    "favored": "GR preferido"
  }
}