{
  "event": "GW170104",
  "detector": "H1",
  "edr_full_params": {
    "A22": 0.10675381195421607,
    "A33": 0.010560403136999737,
    "A21": 0.011519373690296082,
    "d_om22": 0.36750972061225506,
    "d_tau22": -0.44680510847462485,
    "d_om33": 0.27406523942599176,
    "d_tau33": 0.001957294490993675,
    "d_om21": -0.19494621407363658,
    "d_tau21": -0.11141332123871851,
    "phi22": -0.49130506666129514,
    "phi33": 0.0730590406732858,
    "phi21": -0.10566068175381453,
    "t0": 0.009185672858448513
  },
  "gr_vs_edr": {
    "logL_GR": -16653.933167543095,
    "logL_EDR": -16653.937561964376,
    "AIC_GR": 33317.86633508619,
    "AIC_EDR": 33317.87512392875,
    "BIC_GR": 33359.852373628186,
    "BIC_EDR": 33359.86116247075,
    "\u0394BIC": -0.008788842562353238,
    "BayesFactor": 0.9956152200601462,
    "favored": "GR preferido"
  }
}