{
  "event": "GW190521",
  "detector": "H1",
  "edr_full_params": {
    "A22": 0.013096956940838636,
    "A33": 0.0014599837931926656,
    "A21": 0.0007039891457650734,
    "d_om22": -0.2761635883744115,
    "d_tau22": -0.4933812373063098,
    "d_om33": 0.49283571488720407,
    "d_tau33": 0.017210808068390693,
    "d_om21": -0.49285721657592063,
    "d_tau21": -0.3026617839527143,
    "phi22": -1.646606616359833,
    "phi33": 0.21945681559285227,
    "phi21": -0.3600133756898229,
    "t0": 7.17126811489068e-06
  },
  "gr_vs_edr": {
    "logL_GR": -16473.31893134804,
    "logL_EDR": -16473.31938074883,
    "AIC_GR": 32956.63786269608,
    "AIC_EDR": 32956.63876149766,
    "BIC_GR": 32998.623901238076,
    "BIC_EDR": 32998.62480003966,
    "\u0394BIC": -0.000898801583389286,
    "BayesFactor": 0.999550700173716,
    "favored": "GR preferido"
  }
}