{
  "event": "GW190521",
  "detector": "L1",
  "edr_full_params": {
    "A22": 0.0,
    "A33": 0.04100102937505078,
    "A21": 0.22982359193119026,
    "d_om22": -0.023864999870611442,
    "d_tau22": -0.5,
    "d_om33": 0.49998697740012527,
    "d_tau33": 0.01209692235674103,
    "d_om21": -0.5,
    "d_tau21": -0.22923673103092582,
    "phi22": -1.0521099166602472,
    "phi33": 0.1758515743622254,
    "phi21": -0.2509817839469009,
    "t0": 3.655264320065873e-06
  },
  "gr_vs_edr": {
    "logL_GR": -16393.900089485975,
    "logL_EDR": -16393.901145276857,
    "AIC_GR": 32797.80017897195,
    "AIC_EDR": 32797.802290553715,
    "BIC_GR": 32839.786217513945,
    "BIC_EDR": 32839.78832909571,
    "\u0394BIC": -0.0021115817653480917,
    "BayesFactor": 0.9989447662684243,
    "favored": "GR preferido"
  }
}