{
  "event": "GW190412",
  "detector": "L1",
  "edr_full_params": {
    "A22": 0.4172427442069507,
    "A33": 0.041726773465579965,
    "A21": 0.04172102382697463,
    "d_om22": -0.2913761250215996,
    "d_tau22": -0.2913782240148294,
    "d_om33": 0.15243140786856932,
    "d_tau33": -0.0014839867578011672,
    "d_om21": -0.12847502366619373,
    "d_tau21": -0.036252981407437095,
    "phi22": -0.8287292209244613,
    "phi33": 0.023956646588707785,
    "phi21": -0.08183392292407715,
    "t0": 0.03325626314271737
  },
  "gr_vs_edr": {
    "logL_GR": -16664.79886290356,
    "logL_EDR": -16665.114775505015,
    "AIC_GR": 33339.59772580712,
    "AIC_EDR": 33340.22955101003,
    "BIC_GR": 33381.58376434912,
    "BIC_EDR": 33382.215589552026,
    "\u0394BIC": -0.631825202908658,
    "BayesFactor": 0.7291231716878197,
    "favored": "GR preferido"
  }
}