{
  "event": "GW190814",
  "detector": "H1",
  "edr_full_params": {
    "A22": 0.18229753402569632,
    "A33": 0.018227474978409205,
    "A21": 0.018227006915249172,
    "d_om22": 0.4088485803707676,
    "d_tau22": -0.40885126460888443,
    "d_om33": 0.22697522052763364,
    "d_tau33": 0.0001487096294917169,
    "d_om21": -0.1512671275117744,
    "d_tau21": -0.0074369792074692265,
    "phi22": -0.07332843439147034,
    "phi33": 0.06202402502976529,
    "phi21": -0.055628267220397876,
    "t0": 0.0023916224652361933
  },
  "gr_vs_edr": {
    "logL_GR": -16227.615277552452,
    "logL_EDR": -16227.654197490361,
    "AIC_GR": 32465.230555104903,
    "AIC_EDR": 32465.308394980722,
    "BIC_GR": 32507.2165936469,
    "BIC_EDR": 32507.29443352272,
    "\u0394BIC": -0.07783987581933616,
    "BayesFactor": 0.9618277120009828,
    "favored": "GR preferido"
  }
}