{
  "event": "GW190814",
  "detector": "L1",
  "edr_full_params": {
    "A22": 0.09370552222415096,
    "A33": 0.00936233018500395,
    "A21": 0.009358829703699686,
    "d_om22": 0.4531399587802698,
    "d_tau22": -0.45315662515741806,
    "d_om33": 0.07584220618590802,
    "d_tau33": 0.0036260590008415244,
    "d_om21": -0.18001442058596936,
    "d_tau21": -0.016486595372584907,
    "phi22": 0.056047707155924664,
    "phi33": 0.049786103265725225,
    "phi21": -0.06857683127411565,
    "t0": 0.0020181080163364576
  },
  "gr_vs_edr": {
    "logL_GR": -16237.562373777073,
    "logL_EDR": -16237.562241016167,
    "AIC_GR": 32485.124747554146,
    "AIC_EDR": 32485.124482032334,
    "BIC_GR": 32527.110786096142,
    "BIC_EDR": 32527.11052057433,
    "\u0394BIC": 0.00026552181225270033,
    "BayesFactor": 1.0001327697192455,
    "favored": "EDR preferido"
  }
}