{
  "event": "GW190412",
  "detector": "H1",
  "edr_full_params": {
    "A22": 4.3257098658663626e-09,
    "A33": 0.13943771115546252,
    "A21": 0.0,
    "d_om22": -0.5,
    "d_tau22": -0.5,
    "d_om33": 0.24224716757268713,
    "d_tau33": -0.0029844495323652206,
    "d_om21": -0.1979217237772678,
    "d_tau21": -0.07342914627914368,
    "phi22": -0.7749290717379008,
    "phi33": 0.06410849021093828,
    "phi21": -0.09989346602237986,
    "t0": 0.05
  },
  "gr_vs_edr": {
    "logL_GR": -16335.47166320614,
    "logL_EDR": -16335.470877763104,
    "AIC_GR": 32680.94332641228,
    "AIC_EDR": 32680.941755526208,
    "BIC_GR": 32722.929364954278,
    "BIC_EDR": 32722.927794068204,
    "\u0394BIC": 0.0015708860737504438,
    "BayesFactor": 1.0007857515780325,
    "favored": "EDR preferido"
  }
}