{
  "GW150914_H1": {
    "logL_GR": -16646.97777968124,
    "logL_EDR": -16646.983805194304,
    "AIC_GR": 33303.95555936248,
    "AIC_EDR": 33303.96761038861,
    "BIC_GR": 33345.94159790448,
    "BIC_EDR": 33345.953648930605,
    "\u0394BIC": -0.012051026125845965,
    "BayesFactor": 0.9939926039345803,
    "favored": "GR preferido"
  },
  "GW150914_L1": {
    "logL_GR": -16615.976290106148,
    "logL_EDR": -16615.985063606255,
    "AIC_GR": 33241.952580212295,
    "AIC_EDR": 33241.97012721251,
    "BIC_GR": 33283.93861875429,
    "BIC_EDR": 33283.956165754505,
    "\u0394BIC": -0.017547000214108266,
    "BayesFactor": 0.9912648747357767,
    "favored": "GR preferido"
  },
  "GW151226_H1": {
    "logL_GR": -16628.94580613475,
    "logL_EDR": -16628.94577954732,
    "AIC_GR": 33267.8916122695,
    "AIC_EDR": 33267.89155909464,
    "BIC_GR": 33309.8776508115,
    "BIC_EDR": 33309.87759763664,
    "\u0394BIC": 5.317485920386389e-05,
    "BayesFactor": 1.0000265877830508,
    "favored": "EDR preferido"
  },
  "GW151226_L1": {
    "logL_GR": -16421.208079165484,
    "logL_EDR": -16421.21172534244,
    "AIC_GR": 32852.41615833097,
    "AIC_EDR": 32852.42345068488,
    "BIC_GR": 32894.402196872965,
    "BIC_EDR": 32894.40948922688,
    "\u0394BIC": -0.007292353911907412,
    "BayesFactor": 0.9963604622755212,
    "favored": "GR preferido"
  },
  "GW170104_H1": {
    "logL_GR": -16653.933167543095,
    "logL_EDR": -16653.937561964376,
    "AIC_GR": 33317.86633508619,
    "AIC_EDR": 33317.87512392875,
    "BIC_GR": 33359.852373628186,
    "BIC_EDR": 33359.86116247075,
    "\u0394BIC": -0.008788842562353238,
    "BayesFactor": 0.9956152200601462,
    "favored": "GR preferido"
  },
  "GW170104_L1": {
    "logL_GR": -16232.437863670442,
    "logL_EDR": -16232.436158021115,
    "AIC_GR": 32474.875727340885,
    "AIC_EDR": 32474.87231604223,
    "BIC_GR": 32516.86176588288,
    "BIC_EDR": 32516.858354584227,
    "\u0394BIC": 0.003411298654100392,
    "BayesFactor": 1.00170710477424,
    "favored": "EDR preferido"
  },
  "GW170608_H1": {
    "logL_GR": -16203.56372260271,
    "logL_EDR": -16203.631357913036,
    "AIC_GR": 32417.12744520542,
    "AIC_EDR": 32417.262715826073,
    "BIC_GR": 32459.113483747416,
    "BIC_EDR": 32459.24875436807,
    "\u0394BIC": -0.13527062065259088,
    "BayesFactor": 0.9346012508596786,
    "favored": "GR preferido"
  },
  "GW170608_L1": {
    "logL_GR": -16689.48510570122,
    "logL_EDR": -16689.485270794223,
    "AIC_GR": 33388.97021140244,
    "AIC_EDR": 33388.970541588445,
    "BIC_GR": 33430.95624994444,
    "BIC_EDR": 33430.95658013044,
    "\u0394BIC": -0.0003301860051578842,
    "BayesFactor": 0.9998349206245208,
    "favored": "GR preferido"
  },
  "GW170814_H1": {
    "logL_GR": -16764.071978693733,
    "logL_EDR": -16764.073061729687,
    "AIC_GR": 33538.14395738747,
    "AIC_EDR": 33538.14612345937,
    "BIC_GR": 33580.12999592946,
    "BIC_EDR": 33580.13216200137,
    "\u0394BIC": -0.002166071906685829,
    "BayesFactor": 0.998917550318425,
    "favored": "GR preferido"
  },
  "GW170814_L1": {
    "logL_GR": -16666.827184215,
    "logL_EDR": -16666.831013144743,
    "AIC_GR": 33343.65436843,
    "AIC_EDR": 33343.66202628949,
    "BIC_GR": 33385.640406971994,
    "BIC_EDR": 33385.64806483148,
    "\u0394BIC": -0.007657859488972463,
    "BayesFactor": 0.9961783912601564,
    "favored": "GR preferido"
  },
  "GW170729_H1": {
    "logL_GR": -16919.765141946653,
    "logL_EDR": -16919.768935081003,
    "AIC_GR": 33849.530283893306,
    "AIC_EDR": 33849.53787016201,
    "BIC_GR": 33891.5163224353,
    "BIC_EDR": 33891.523908704,
    "\u0394BIC": -0.007586268700833898,
    "BayesFactor": 0.9962140504964493,
    "favored": "GR preferido"
  },
  "GW170729_L1": {
    "logL_GR": -16540.207267503123,
    "logL_EDR": -16540.209852900054,
    "AIC_GR": 33090.414535006246,
    "AIC_EDR": 33090.41970580011,
    "BIC_GR": 33132.40057354824,
    "BIC_EDR": 33132.405744342104,
    "\u0394BIC": -0.005170793861907441,
    "BayesFactor": 0.9974179423293006,
    "favored": "GR preferido"
  },
  "GW170823_H1": {
    "logL_GR": -16231.162925476503,
    "logL_EDR": -16231.167380311505,
    "AIC_GR": 32472.325850953006,
    "AIC_EDR": 32472.33476062301,
    "BIC_GR": 32514.311889495002,
    "BIC_EDR": 32514.320799165005,
    "\u0394BIC": -0.008909670003049541,
    "BayesFactor": 0.9955550730575375,
    "favored": "GR preferido"
  },
  "GW170823_L1": {
    "logL_GR": -16412.547214476643,
    "logL_EDR": -16412.545970700477,
    "AIC_GR": 32835.094428953285,
    "AIC_EDR": 32835.091941400955,
    "BIC_GR": 32877.08046749528,
    "BIC_EDR": 32877.07797994295,
    "\u0394BIC": 0.0024875523304217495,
    "BayesFactor": 1.0012445499755678,
    "favored": "EDR preferido"
  },
  "GW190412_H1": {
    "logL_GR": -16335.47166320614,
    "logL_EDR": -16335.470877763104,
    "AIC_GR": 32680.94332641228,
    "AIC_EDR": 32680.941755526208,
    "BIC_GR": 32722.929364954278,
    "BIC_EDR": 32722.927794068204,
    "\u0394BIC": 0.0015708860737504438,
    "BayesFactor": 1.0007857515780325,
    "favored": "EDR preferido"
  },
  "GW190412_L1": {
    "logL_GR": -16664.79886290356,
    "logL_EDR": -16665.114775505015,
    "AIC_GR": 33339.59772580712,
    "AIC_EDR": 33340.22955101003,
    "BIC_GR": 33381.58376434912,
    "BIC_EDR": 33382.215589552026,
    "\u0394BIC": -0.631825202908658,
    "BayesFactor": 0.7291231716878197,
    "favored": "GR preferido"
  },
  "GW190521_H1": {
    "logL_GR": -16473.31893134804,
    "logL_EDR": -16473.31938074883,
    "AIC_GR": 32956.63786269608,
    "AIC_EDR": 32956.63876149766,
    "BIC_GR": 32998.623901238076,
    "BIC_EDR": 32998.62480003966,
    "\u0394BIC": -0.000898801583389286,
    "BayesFactor": 0.999550700173716,
    "favored": "GR preferido"
  },
  "GW190521_L1": {
    "logL_GR": -16393.900089485975,
    "logL_EDR": -16393.901145276857,
    "AIC_GR": 32797.80017897195,
    "AIC_EDR": 32797.802290553715,
    "BIC_GR": 32839.786217513945,
    "BIC_EDR": 32839.78832909571,
    "\u0394BIC": -0.0021115817653480917,
    "BayesFactor": 0.9989447662684243,
    "favored": "GR preferido"
  },
  "GW190814_H1": {
    "logL_GR": -16227.615277552452,
    "logL_EDR": -16227.654197490361,
    "AIC_GR": 32465.230555104903,
    "AIC_EDR": 32465.308394980722,
    "BIC_GR": 32507.2165936469,
    "BIC_EDR": 32507.29443352272,
    "\u0394BIC": -0.07783987581933616,
    "BayesFactor": 0.9618277120009828,
    "favored": "GR preferido"
  },
  "GW190814_L1": {
    "logL_GR": -16237.562373777073,
    "logL_EDR": -16237.562241016167,
    "AIC_GR": 32485.124747554146,
    "AIC_EDR": 32485.124482032334,
    "BIC_GR": 32527.110786096142,
    "BIC_EDR": 32527.11052057433,
    "\u0394BIC": 0.00026552181225270033,
    "BayesFactor": 1.0001327697192455,
    "favored": "EDR preferido"
  }
}